{
  "project_info": {
    "project_number": "470103452748",
    "project_id": "dtproject-90b5b",
    "storage_bucket": "dtproject-90b5b.appspot.com"
  },
  "client": [
    {
      "client_info": {
        "mobilesdk_app_id": "1:470103452748:android:580c620b911abf050758e9",
        "android_client_info": {
          "package_name": "com.example.dt_project"
        }
      },
      "oauth_client": [],
      "api_key": [
        {
          "current_key": "AIzaSyBwxRcKrTvY-xIoHAKBByOYQ_cyPl-xcn0"
        }
      ],
      "services": {
        "appinvite_service": {
          "other_platform_oauth_client": []
        }
      }
    }
  ],
  "configuration_version": "1"
}